Time|Time,Cell_length|Cell_length,DNA1|Ir191,DNA2|Ir193,BC1|Pd104,BC2|Pd106,BC3|Pd108,BC4|In113,BC5|In115,BC6|La139,pPLCg2|Pr141,CD19|Nd142,p4EBP1|Nd143,CD11b|Nd144,pAMPK|Nd145,pSTAT3|Nd146,CD34|Nd148,pSTAT5|Nd150,pS6|Sm147,pCREB|Sm149,pc-Cbl|Sm152,CD45|Sm154,CD123|Eu151,pSTAT1|Eu153,pZap70-Syk|Gd156,CD33|Gd158,CD47|Gd160,pAKT|Tb159,CD7|Dy162,CD15|Dy164,pRb|Ho165,CD44|Er166,CD38|Er167,pErk1-2|Er168,CD3|Er170,pP38|Tm169,CD117|Yb171,cCaspase3|Yb172,HLA-DR|Yb174,CD64|Yb176,CD41|Lu175,Viability|Pt195,PhenoGraph|PhenoGraph,Condition|Condition
248866,19,336.4128112792969,481.4551696777344,-0.4184354841709137,76.6314926147461,0.05220526084303856,2.3758764266967773,5.769534587860107,11.79055881500244,0.06863679736852646,-0.22093245387077332,32.347633361816406,10.806025505065918,6.690633773803711,3.652261257171631,1.2286980152130127,1.1299357414245603,1.5366171598434448,12.204507827758787,-0.6056270003318787,380.6439514160156,3.0644235610961914,662.51739501953125,-0.06455446779727936,-0.357541024684906,35.05735397338867,0.7300037741661072,-0.4172555804252625,-0.29336994886398315,34.85503387451172,60.6428337097168,12.605850219726562,-0.02794719114899635,-0.4844541251659394,-0.14555169641971588,-0.5411816835403442,-0.23974573612213135,61.14649200439453,20.107114791870117,0.9597249031066896,0.5699421763420105,13,13
2748688,19,164.12045288085938,350.52166748046875,104.5727996826172,2.1503236293792725,78.43888092041016,-0.39512693881988525,-0.6000876426696777,29.767335891723633,-0.26427900791168213,2.2307448387145996,-0.10457856953144072,9.627386093139648,1.022792935371399,1.0725938081741333,1.183813214302063,4.104954719543457,0.29012712836265564,-0.01120080891996622,-0.1487368941307068,74.6282730102539,-0.14002566039562225,10.671510696411133,-0.11077745258808136,-0.2476513385772705,17.367473602294922,-0.6579446196556091,-0.3384096026420593,-0.34113332629203796,38.47014617919922,97.17777252197266,8.388525009155273,0.4436084628105163,-0.44884753227233887,-0.4488523304462433,-0.6743794679641724,6.445285797119141,-0.11402950435876846,4.548075199127197,1.136963963508606,4.371871471405029,2,2
3165226,19,328.4951171875,549.32769775390625,40.978729248046875,52.51259994506836,-0.5143454074859619,5.525028228759766,1.3566913604736328,6.004755020141602,-0.31647610664367676,-0.09296614676713943,-0.2361857444047928,85.22260284423828,8.211125373840332,1.009505033493042,0.4656417965888977,1.3229297399520874,-0.2382904887199402,4.82460880279541,7.824527263641357,1632.2027587890625,1.4180004596710205,339.7190856933594,-0.4610373973846435,1.4819414615631104,9.821066856384276,-0.00516944378614425,-0.7389171123504639,-0.46982380747795105,106.22003173828124,476.3630676269531,4.133965492248535,0.5191987156867981,-0.0184414405375719,-0.23053307831287384,-0.6578790545463562,-0.3368716239929199,48.246551513671875,24.830957412719727,4.957805633544922,30.509347915649418,16,16
2190493,28,379.7225646972656,696.30853271484375,186.13311767578125,1.774188756942749,-0.3445308804512024,10.707686424255373,24.728532791137695,0.7978919148445129,3.1461896896362305,1.9540798664093015,2.3753345012664795,6.131315231323242,7.408259868621826,-0.3052493631839752,-0.19821631908416748,7.37982177734375,-0.5616891980171204,26.041589736938477,2.0711164474487305,275.3228759765625,4.52849817276001,457.4599914550781,-0.43150338530540466,2.160249710083008,47.86919403076172,-0.5027450919151306,-0.4923679232597351,1.084319829940796,163.84310913085938,110.9660873413086,37.13546371459961,0.05049986764788627,-0.4575151801109314,0.5626028180122375,-0.4505915641784668,-0.4976695477962494,72.8291244506836,27.3353271484375,2.0546324253082275,5.3433003425598145,18,18
4379841,18,349.24517822265625,653.60736083984375,66.54914093017578,3.0066823959350586,-0.04019186273217201,-0.5128118991851807,5.497315883636475,18.776397705078125,-0.6560623645782471,1.197858810424805,66.99004364013672,9.073453903198242,13.09893035888672,4.385285377502441,4.051003932952881,2.779402017593384,1.4502742290496826,118.6240234375,-0.3021833300590515,290.6332702636719,-0.10367345809936523,0.1851176470518112,-0.622183620929718,1.0371493101119995,21.03028678894043,-0.12142027914524078,-0.12835808098316193,-0.3377946615219116,46.53207015991211,20.18838119506836,14.547985076904297,1.9875438213348389,-0.31534242630004883,2.932185173034668,1.2008106708526611,3.425405740737915,4.92288875579834,4.792135715484619,-0.7461035847663879,-0.6810882091522217,4,4
5141257,28,436.9959106445313,845.75897216796875,236.5784912109375,4.8511271476745605,0.10748247802257538,20.694822311401367,4.048131465911865,38.89871597290039,174.1378173828125,0.6161786317825317,16.628507614135742,52.892303466796875,3.875708103179931,3.425315618515014,0.211965411901474,80.40125274658203,0.5351840853691101,83.90839385986328,4.599643230438232,443.1899719238281,2.7763125896453857,133.1263427734375,15.891611099243164,-0.7791773080825806,17.49703598022461,0.5109161734580994,-0.4414297342300415,2.7054784297943115,133.17776489257812,299.70758056640625,12.620060920715332,3.337585210800171,1.3129243850708008,26.502967834472656,-0.07661809027194977,-0.7262465953826904,7.251706123352051,60.85709762573242,13.225850105285645,1.429671049118042,15,15
2796535,37,167.23817443847656,368.4685363769531,-0.5669805407524109,24.225976943969727,-0.4807988405227661,10.058438301086426,9.353597640991213,-0.01840351335704326,1.888527274131775,-0.6635640859603882,13.10690975189209,6.57757568359375,1.5012305974960327,2.2508959770202637,-0.4790030419826507,6.553970813751221,0.8937394022941589,6.747279167175293,0.08948838710784912,81.85954284667969,1.5018610954284668,541.53900146484375,1.5177217721939087,-0.07095778733491898,14.382801055908203,5.307284832000732,1.380064845085144,-0.6345222592353821,133.08583068847656,33.374412536621094,18.43604850769043,2.2403740882873535,0.9247633814811708,-0.3731584846973419,-0.7555426955223083,2.4481658935546875,12.001896858215332,27.895910263061523,1.5267665386199951,4.421496391296387,9,9
230300,29,350.6611328125,665.30633544921875,-0.17634135484695437,51.08427429199219,88.91020202636719,0.7059248685836792,1.0221937894821167,24.40907287597656,7.108731269836426,-0.6300650835037231,14.680135726928713,9.232208251953123,1.88135027885437,19.0329647064209,3.968581438064575,8.9586029052734375,3.7666308879852295,31.83175277709961,4.9777703285217285,482.2275390625,10.286028861999512,592.2977294921875,-0.6327093839645386,4.588865756988525,38.54877853393555,-0.1697855442762375,1.277403473854065,0.14066149294376373,167.86143493652344,228.20526123046875,8.081816673278809,1.5775179862976074,2.499508857727051,-0.1896402537822723,-0.10734686255455016,-0.6210206747055054,154.63198852539062,152.5790557861328,-0.15030141174793243,1.1726261377334597,8,8
1001568,31,155.90469360351562,305.4775390625,-0.3698060214519501,26.088844299316406,42.84539794921875,-0.6726910471916199,-0.21491384506225583,32.97101593017578,-0.6279704570770264,1.6155226230621338,6.127549648284912,36.81684875488281,7.643350601196289,0.6372452974319458,0.8103216290473938,5.200933456420898,-0.13023912906646729,78.97539520263672,2.412337064743042,316.6376037597656,1.0024741888046265,132.33750915527344,-0.03996863588690758,-0.23689129948616028,24.710655212402344,3.1421854496002197,-0.3086543381214142,1.7111732959747314,105.995361328125,100.05628204345705,15.573596000671388,3.051589012145996,-0.6771652102470398,7.587944507598877,-0.5351450443267822,6.505889415740967,18.426971435546875,26.408557891845703,6.669982433319092,2.686725616455078,8,8
1862253,20,655.351806640625,1120.1776123046875,1.616173267364502,185.7665557861328,257.37493896484375,-0.22127006947994232,-0.33616840839385986,79.13734436035156,4.42191219329834,-0.3847862184047699,31.317943572998047,24.38368797302246,2.180779457092285,10.815053939819336,-0.1518622189760208,17.688589096069336,1.8429512977600095,10.945833206176758,0.44363996386528015,436.66510009765625,1.4002424478530884,705.13531494140625,1.6849883794784546,1.1673574447631836,0.7509332895278931,-0.5069591403007507,-0.6490858793258667,2.675347805023194,69.240570068359375,88.12581634521484,3.5003108978271484,-0.163627028465271,0.38825348019599915,1.3433208465576172,-0.5697447061538696,-0.7506826519966125,38.554080963134766,9.568675994873049,-0.7473264932632446,20.634029388427734,8,8
2373765,32,107.73299407958984,195.0955352783203,50.640628814697266,61.89335632324219,70.501617431640625,1.4467861652374268,-0.24313196539878845,3.476376533508301,0.22605884075164795,-0.12452833354473114,31.59711647033691,12.949555397033691,-0.1240374967455864,1.3617748022079468,-0.4835440218448639,-0.10374751687049866,0.5489786863327026,45.526458740234375,0.49961021542549133,299.395751953125,8.061955451965332,728.66827392578125,-0.5349181294441223,0.3674999475479126,12.213141441345217,-0.5268786549568176,-0.13713032007217407,-0.5192195773124695,512.17852783203125,80.08949279785156,15.574378967285156,0.03122799843549728,1.3870831727981567,-0.43405723571777344,-0.7191250920295715,-0.2520866394042969,43.27602767944336,20.727458953857425,8.299904823303223,9.392970085144045,5,5
2606580,24,256.4335021972656,455.6857604980469,-0.0415164977312088,36.45612335205078,26.106584548950195,-0.22860775887966156,5.841371536254883,2.7796809673309326,0.4571557939052582,-0.10626768320798874,31.231857299804688,44.90524673461914,7.978478908538818,1.6313235759735107,0.6237605214118958,16.789554595947266,8.142476081848145,26.83713722229004,1.5807095766067505,595.01690673828125,-0.1960158348083496,97.90911865234376,-0.09392213821411131,4.685876369476318,15.522712707519531,3.5926191806793213,1.595061421394348,-0.4495460987091065,43.70832443237305,234.5323486328125,22.41621208190918,3.979764699935913,0.8528035283088684,2.2452898025512695,-0.5936309099197388,-0.6391520500183105,44.330535888671875,16.692785263061523,8.049861907958984,2.614764928817749,7,7
1847187,27,398.6087036132813,537.21795654296875,145.76051330566406,2.5194056034088135,-0.5928008556365967,9.35378360748291,-0.7370378375053406,27.66108131408691,90.80970764160156,-0.09414120018482208,14.65710735321045,53.81951904296875,6.641200065612793,3.0293631553649902,-0.5247098803520203,16.74077796936035,0.21350833773612976,12.850743293762209,4.898600101470947,255.2321319580078,4.227794170379639,79.220306396484375,20.459232330322266,9.970827102661133,71.61151885986328,2.563786029815674,0.8746635913848877,2.0034148693084717,169.7703399658203,102.6344985961914,74.932708740234375,11.83191967010498,-0.05159437656402588,3.624500989913941,-0.00626109167933464,1.5057175159454346,166.8428497314453,29.3840389251709,2.4678328037261963,-0.03598984703421593,15,15
1703073,19,100.0424346923828,283.8106689453125,20.21758460998535,-0.11255060881376266,-0.08813052624464035,2.1063597202301025,-0.4453355669975281,4.34947395324707,-0.11190531402826308,-0.6132720708847046,12.225497245788574,17.21973419189453,1.2067832946777344,0.9132673740386964,0.8098320364952087,6.128468036651611,1.458023190498352,62.06555938720703,3.4279754161834717,301.6773376464844,0.6842142343521118,253.11361694335935,1.7780238389968872,1.03339946269989,6.046933174133301,-0.15888488292694092,-0.4481492340564728,-0.32513725757598877,107.82833099365234,74.37482452392578,9.650424003601074,0.2520366907119751,1.1683768033981323,-0.6174829602241516,-0.4657047688961029,-0.3955371677875519,5.9303741455078125,22.151351928710938,-0.2932523787021637,-0.3656957447528839,15,15
5128941,21,601.1602783203125,1202.5982666015625,4.40031099319458,122.83900451660156,151.5007781982422,13.399704933166504,2.4751811027526855,1.6666805744171145,8.701194763183594,-0.505138099193573,1.1135989427566528,6.84454345703125,3.528414011001587,-0.7040830254554749,3.67444109916687,19.20696258544922,1.98646080493927,0.5495888590812683,-0.40589070320129395,282.54852294921875,7.461355686187744,116.10211181640624,2.2371952533721924,10.723349571228027,22.174034118652344,2.076756715774536,0.7351487874984741,-0.16485053300857544,31.665260314941406,40.09811019897461,14.543636322021484,-0.4252550005912781,-0.07356391102075577,1.2666449546813965,-0.3881557881832123,-0.6900990605354309,25.727270126342773,31.552562713623047,1.4538626670837402,-0.5999516248703003,6,6
2231420,23,265.0707092285156,478.41455078125,-0.47252434492111206,40.32169723510742,23.60661506652832,-0.43736937642097473,-0.14386434853076935,33.55302810668945,3.449069023132324,2.1548354625701904,33.18832015991211,70.0992202758789,15.97671890258789,2.5904366970062256,4.280750274658203,6.7219624519348145,4.42085075378418,56.07742691040039,2.221613645553589,908.47479248046875,0.8320858478546143,263.2430114746094,-0.07106132060289383,5.352509021759033,32.797691345214844,-0.6650481224060059,-0.4589464068412781,0.03224341198801994,472.1399841308594,91.74405670166016,8.615761756896973,-0.31373149156570435,1.3211824893951416,0.6251413226127625,-0.38217636942863464,-0.23516958951950073,83.61579895019531,24.082416534423828,-0.5109742879867554,-0.3884928524494171,8,8
654687,25,295.94134521484375,696.30877685546875,4.2826924324035645,115.48419952392578,70.7214126586914,1.2609678506851196,-0.6211733818054199,44.7469596862793,1.8523657321929932,4.213392734527588,34.23999786376953,27.899553298950195,12.577564239501951,16.2792911529541,0.2813262343406677,9.441739082336426,3.2793407440185547,83.49579620361328,1.1089911460876465,749.8714599609375,4.8070292472839355,555.65283203125,-0.03233110159635544,0.968378245830536,37.80638885498047,1.2316216230392456,1.307746648788452,0.1468290239572525,452.26995849609375,471.9810485839844,3.791757106781006,0.8259984254837036,3.947218179702759,-0.4930177330970764,-0.0863003060221672,-0.26692116260528564,3.856802940368652,12.06414794921875,2.6281626224517822,2.273397922515869,8,8
729283,28,386.97662353515625,687.02496337890625,-0.4960218369960785,182.08111572265625,-0.01301300711929798,0.6389233469963074,6.60521936416626,15.182578086853027,0.9901300668716432,-0.08911366015672684,14.742741584777832,9.816397666931152,5.78602409362793,2.6118204593658447,2.558788776397705,2.2782742977142334,2.6234240531921387,17.780651092529297,3.9885683059692383,458.5745544433594,1.309328556060791,959.110595703125,-0.03876302391290665,0.9659699201583862,8.100960731506348,-0.20549698173999784,-0.1467103362083435,0.3920912444591522,93.52027130126952,197.90631103515625,7.271782875061035,-0.5850400328636169,-0.25478190183639526,-0.2432685345411301,-0.583210825920105,-0.2362226694822311,7.214085578918457,13.495820045471191,1.3890570402145386,1.942082405090332,13,13
1259703,26,337.1483459472656,716.630859375,138.5477294921875,6.783154487609863,-0.6502420902252197,1.452463150024414,12.306349754333496,9.73597812652588,8.850811004638672,3.112741708755493,8.638021469116211,23.621545791625977,1.1042730808258057,-0.2272363156080246,-0.17621442675590515,9.805193901062012,3.418569564819336,17.999221801757812,4.4092698097229,219.0789337158203,1.8206725120544431,2945.44189453125,-0.12174783647060394,-0.05899495258927345,12.68202304840088,-0.12311509996652605,-0.5855139493942261,1.4260109663009644,34.9906005859375,114.68338012695312,2.9196088314056396,-0.24655361473560333,0.7956260442733765,1.905145287513733,-0.15021595358848572,-0.5940779447555542,3.1229498386383057,25.64173889160156,-0.4782376885414123,1.6587111949920654,4,4
1740032,21,354.9107666015625,692.92279052734375,54.37551498413086,81.56755065917969,-0.03686099871993065,10.32960605621338,1.3598726987838743,-0.17083637416362762,3.636405467987061,-0.383076936006546,4.116329669952393,3.700917482376098,5.743096351623535,-0.16758807003498075,1.5187301635742188,3.454472780227661,0.29707637429237366,12.47753620147705,5.720241069793701,149.61636352539062,3.0762853622436523,1054.555419921875,-0.33484914898872375,-0.02142881229519844,6.605945587158203,-0.2734563648700714,-0.4494707584381103,-0.37332937121391296,102.2335968017578,42.6034049987793,18.605690002441406,-0.6781284809112549,1.1280593872070312,-0.6150103211402893,-0.6367993354797363,-0.477493017911911,8.219820022583008,3.647940874099731,34.234962463378906,0.8127275109291077,16,16
121851,37,418.32855224609375,866.217041015625,-0.6639615893363953,262.3778991699219,237.0564117431641,0.34310469031333923,-0.21821364760398865,96.12195587158205,0.7085810303688049,11.016972541809082,13.132749557495115,53.20090866088867,1.6040430068969729,10.992894172668455,4.190127849578857,13.165169715881348,6.554821014404297,29.960111618041992,2.991670846939087,801.5416259765625,1.3468571901321411,1961.3231201171875,-0.1701245158910751,-0.3227215111255646,13.228041648864746,-0.5574622750282288,-0.11506228148937224,1.2710102796554563,63.15381622314453,203.57164001464844,23.99716567993164,1.0214778184890747,2.5276527404785156,0.33445701003074646,-0.4042019546031952,-0.6309507489204407,25.498825073242188,7.545196056365967,8.035213470458984,7.586251735687256,8,8
812454,22,217.9949951171875,453.7859497070313,1.880373239517212,-0.07158325612545013,20.87427520751953,4.218851566314697,0.7563208937644958,5.946993827819824,2.1260602474212646,-0.11247693747282028,10.676884651184082,45.68849182128906,5.300405502319336,3.4803037643432617,4.297800064086914,0.36745572090148926,1.0365434885025024,193.455078125,0.3298876881599426,895.3016357421875,-0.2053835690021515,17.925628662109375,-0.04114095494151115,5.235058307647705,10.705888748168944,0.4098517596721649,-0.2793806791305542,-0.0160425491631031,147.0869140625,145.97775268554688,31.575450897216797,3.913918972015381,-0.21827468276023865,-0.33358028531074524,-0.3792557716369629,-0.23879830539226532,40.038856506347656,90.4935302734375,-0.18379394710063937,3.423633575439453,11,11
3003618,27,65.1966552734375,104.80907440185548,26.473024368286133,-0.7097276449203491,-0.5051718950271606,4.05316686630249,6.298801422119141,-0.7452579736709595,-0.44049543142318726,-0.12941540777683258,4.564063549041748,15.241385459899902,6.76480770111084,5.2672953605651855,4.554478645324707,6.1656646728515625,3.950979471206665,34.32828140258789,1.793304681777954,194.56246948242188,0.0457298718392849,62.06226348876953,-0.703886091709137,1.0391212701797483,25.74822235107422,0.6459777355194092,0.9474661350250244,1.524280071258545,60.55888748168945,171.0186004638672,6.1865410804748535,-0.7687633633613586,-0.17884238064289093,1.240916728973389,-0.03025088645517826,8.131755828857422,64.55501556396484,7.883801937103272,-0.16597677767276764,1.5552586317062378,18,18
2162738,38,187.63507080078125,447.3812561035156,-0.22629818320274353,197.43701171875,-0.15245729684829712,11.895944595336914,-0.420989066362381,43.849342346191406,0.8449333906173706,3.410828113555908,6.991910457611084,93.62391662597656,6.879128456115723,0.8573693037033081,10.46299934387207,18.21346092224121,1.364582061767578,6.274702072143555,4.2376627922058105,1059.275390625,5.3677473068237305,1093.14697265625,-0.03651736676692962,0.13645020127296448,39.60309600830078,1.9006967544555664,-0.3058251440525055,1.428511619567871,119.7055892944336,429.6648559570313,24.00858497619629,1.586254000663757,-0.11591328680515288,-0.19863054156303409,0.6183376908302307,-0.05257931724190712,86.67173767089844,47.72531509399414,5.9255805015563965,3.4641449451446533,12,12
3978463,25,247.8868865966797,477.0118408203125,10.292960166931152,18.917863845825195,-0.8190132975578308,9.810243606567385,-0.21127988398075104,1.9543448686599731,1.1888684034347534,1.280808448791504,8.915108680725098,40.00168991088867,9.96253776550293,-0.5218945741653442,-0.390322744846344,7.253907680511475,1.2616534233093262,16.79230499267578,0.8245572447776794,385.7518615722656,-0.0464630201458931,122.54622650146484,-0.34895339608192444,1.3423172235488892,21.995439529418945,-0.5636467337608337,-0.7866130471229553,1.617526650428772,108.87722778320312,204.70664978027344,16.399385452270508,1.0136384963989258,5.574437618255615,1.989055037498474,-0.2867945432662964,2.368806838989258,50.30687713623047,28.72186851501465,0.3495911657810211,39.18582534790039,16,16
4165395,28,485.1032104492187,967.1327514648436,0.22665442526340485,98.23686981201172,1.1432180404663086,10.06096649169922,19.444339752197266,2.1904048919677734,23.18701934814453,0.19066037237644196,4.187196254730225,42.93414688110352,2.088059663772583,6.357880115509033,-0.2202089875936508,3.2767744064331055,1.6978352069854736,21.91468620300293,4.2771382331848145,351.4852294921875,7.786192417144775,256.9258728027344,1.0992283821105957,1.0698845386505127,14.35891056060791,-0.15668825805187225,-0.4054201543331146,1.194749116897583,124.57904052734376,608.74993896484375,7.363615036010742,7.044125080108643,4.416453838348389,1.22834575176239,-0.7579325437545776,-0.5563064813613892,60.939735412597656,33.360992431640625,2.4937973022460938,-0.30863115191459656,9,9
997288,30,354.91839599609375,725.2510986328125,123.4652328491211,1.9022408723831177,0.457268625497818,4.765589714050293,2.6298763751983643,17.109962463378906,4.064219951629639,-0.5489762425422668,19.057641983032227,79.996917724609375,8.321878433227539,-0.04567721858620643,1.1206434965133667,3.363236904144287,-0.2875045835971832,9.370723724365234,3.8177621364593506,748.3241577148436,-0.10241865366697311,33.77558898925781,2.7178428173065186,5.378867149353027,22.094972610473633,1.847053050994873,0.669344961643219,1.4627277851104736,55.817909240722656,320.2831115722656,18.732561111450195,1.207430362701416,2.4747467041015625,4.685667037963867,-0.45664408802986145,0.4475151300430298,75.68793487548828,65.49089050292969,-0.27904757857322693,219.62542724609375,15,15
740166,36,132.46884155273438,236.4211883544922,31.729137420654297,28.162200927734375,30.063718795776367,-0.5467354655265808,-0.1066085547208786,2.3197999000549316,0.6480472087860107,2.60809326171875,28.17052841186523,25.999114990234375,6.023188591003418,-0.17849650979042053,-0.17303843796253204,0.07772394269704819,3.4533920288085938,29.116121292114254,-0.13829176127910614,258.6685791015625,2.4103522300720215,607.6165771484375,1.6482136249542236,5.588582515716553,21.849546432495117,0.1895827054977417,2.4854254722595215,-0.0863860473036766,251.15353393554688,72.75264739990234,7.132103443145752,13.127498626708984,3.4664316177368164,-0.30928564071655273,-0.5616950392723083,6.613434791564941,67.0958480834961,43.926570892333984,-0.08029733598232269,45.63810348510742,5,5
2743756,37,235.6751251220703,608.44903564453125,-0.22843174636363983,71.413116455078125,0.6569299697875977,-0.38807836174964905,9.776288986206056,11.393472671508787,-0.44296738505363464,0.9258071780204772,4.213643550872803,38.261749267578125,1.8244599103927612,-0.02744519524276256,1.1360788345336914,2.1824748516082764,-0.12128522992134094,3.8883848190307617,5.302595138549805,522.8826904296875,7.539121150970459,1092.23779296875,-0.5255646705627441,2.9046273231506348,43.999813079833984,-0.6612601280212402,1.1992939710617063,-0.05785464867949486,55.51742935180664,219.657470703125,44.93988037109375,-0.4191887080669403,1.5186697244644165,-0.03565299138426781,-0.31502261757850647,-0.04625080898404121,64.636444091796875,19.658777236938477,6.243192195892334,1.0996547937393188,13,13
1229529,22,135.2608184814453,290.26898193359375,0.7350608110427856,17.56262969970703,-0.24846424162387848,0.542361319065094,2.1501779556274414,4.153069496154785,-0.5190029144287109,1.2764832973480225,6.642797470092773,17.802494049072266,15.254104614257812,1.763802170753479,1.0527162551879885,0.3639805316925049,1.880446195602417,57.816558837890625,7.622379779815674,426.51910400390625,2.943229913711548,83.484130859375,1.9038715362548828,3.3099441528320312,21.747005462646484,2.872891664505005,-0.4465449452400207,-0.34368038177490234,36.538963317871094,91.44883728027344,17.241086959838867,-0.30345821380615234,-0.6362581849098206,1.2733081579208374,-0.41116172075271606,2.8293380737304688,66.93450927734375,35.67379379272461,1.023275375366211,6.9788055419921875,13,13
1785325,30,330.1514892578125,784.6697998046875,104.61334991455078,1.9589622020721436,125.60968780517578,-0.22840002179145813,0.39996516704559326,15.922489166259766,0.820010244846344,0.7294361591339111,17.26068115234375,122.46466827392578,3.9893784523010254,0.5512489080429077,0.7739420533180237,2.447188377380371,1.9976534843444824,14.87350845336914,6.169605731964111,948.60028076171875,5.956907272338867,322.161865234375,0.5535944104194641,5.26165771484375,19.05276679992676,0.34944427013397217,-0.1805454045534134,-0.6734209656715393,246.4928436279297,492.3990783691406,4.469999313354492,1.0806646347045898,-0.0919973850250244,0.5766585469245911,-0.4392282366752625,-0.6796399354934692,16.470293045043945,17.51276397705078,8.26591968536377,2.5172030925750732,2,2
699496,32,327.69732666015625,639.8956298828125,0.5730529427528381,39.45828628540039,3.188148260116577,10.803531646728516,2.143125534057617,8.811360359191895,4.348227024078369,0.731532871723175,19.8493595123291,35.0047607421875,5.119301795959473,1.7217395305633545,0.12118247151374816,10.128950119018556,2.6468424797058105,11.496206283569336,0.8716367483139038,407.1083679199219,0.7937599420547485,887.10504150390625,-0.19542305171489716,6.474518299102783,12.33516788482666,-0.653240978717804,2.5627920627593994,0.8726888298988342,92.461578369140625,383.7401123046875,9.359368324279783,1.2672061920166016,0.9495662450790404,1.1313155889511108,-0.2140272855758667,-0.36351796984672546,9.783337593078612,15.439408302307127,3.824061632156372,1.9048027992248535,12,12
3195182,30,128.05184936523438,315.0066833496094,9.405265808105469,24.91809844970703,0.3852578401565552,-0.25496968626976013,6.880942344665527,1.918795108795166,1.1516185998916626,2.124130964279175,3.674647331237793,77.33348846435547,14.12380027770996,0.7941775321960449,-0.0509982630610466,2.8248884677886963,1.9630099534988403,18.594266891479492,7.204624652862549,1042.35302734375,1.5451476573944092,33.22770309448242,2.480889320373535,4.273421764373779,24.264360427856445,1.0108760595321655,-0.7473954558372498,0.9377880096435548,70.19468688964844,171.897216796875,7.549566268920898,0.3897155225276947,4.894487380981445,-0.4415881037712097,-0.16144508123397827,0.8421894907951355,10.05613136291504,35.731197357177734,0.781542181968689,23.948917388916016,3,3
5023925,25,268.2257995605469,569.10137939453125,36.12093734741211,37.64826965332031,1.6663005352020264,-0.5002552270889282,13.593091011047363,3.2519965171813965,-0.09347283095121384,-0.6911088824272156,7.356918811798096,86.93151092529297,6.764045238494873,3.862795829772949,0.7708515524864197,0.9972048997879028,-0.41669782996177673,6.507100582122803,5.758208274841309,1172.3172607421875,-0.4405870735645294,57.19840240478515,1.35523784160614,0.2627045214176178,43.99129486083984,-0.5540522933006287,-0.836227536201477,2.1572210788726807,108.65532684326172,100.64514923095705,6.189333915710449,1.3410686254501345,-0.4220633804798126,6.129443168640137,-0.6302385330200195,-0.18726423382759097,20.076242446899418,14.209945678710938,32.946739196777344,3.3014039993286133,3,3
1296677,34,362.4223327636719,598.1444091796875,1.4799892902374268,2.014666795730591,52.16554260253906,11.489497184753418,3.808305263519287,4.723958492279053,7.010883808135986,1.4362733364105225,20.69375991821289,19.257389068603516,-0.7021427154541016,0.8775462508201599,-0.02654829062521457,7.074671745300293,0.8513588905334473,15.319169044494627,1.801929593086243,183.97889709472656,0.6777909398078918,2361.34716796875,-0.6993838548660278,-0.09715427458286284,4.300865650177002,-0.2071847766637802,1.8147786855697632,0.5764427781105042,71.45562744140625,299.5882568359375,17.74359703063965,-0.6379833221435547,-0.42087477445602417,0.2539636790752411,-0.2731820046901703,0.27825406193733215,40.06052017211914,83.04088592529297,9.79028606414795,0.13676460087299347,10,10
2113755,28,325.6248474121094,698.18292236328125,89.06543731689453,-0.7256118655204773,-0.03106855601072311,5.245209693908691,-0.18587073683738708,34.20812225341797,43.79673767089844,2.165375232696533,12.66999626159668,51.46974563598633,14.49986171722412,5.06810188293457,4.351139068603516,9.424221992492676,2.2074203491210938,94.6231460571289,6.770726203918457,1584.7821044921875,3.663343906402588,42.627418518066406,6.854928493499756,3.1210649013519287,169.3922882080078,0.17069388926029205,-0.0067186034284532,-0.46919432282447815,156.03945922851562,525.52734375,63.09891128540039,1.704526424407959,-0.6242279410362244,3.5393545627593994,1.0730643272399902,4.8326239585876465,464.2828674316406,26.216041564941406,2.116899251937866,1.4051618576049805,15,15
2894392,30,370.82708740234375,767.1746826171875,-0.0561455525457859,106.79670715332033,0.9128364324569702,-0.2375686764717102,17.24394416809082,4.753082275390625,-0.3992033004760742,-0.13605044782161713,2.770357370376587,23.494037628173828,9.176705360412598,2.5243442058563232,-0.3350432813167572,0.6824230551719666,2.0702390670776367,12.596287727355955,6.4975199699401855,179.10958862304688,1.7323510646820068,2855.517822265625,-0.5632652640342712,-0.38968607783317566,28.46984100341797,-0.24524380266666412,-0.1958926618099213,1.070533037185669,59.172420501708984,89.532806396484375,11.575952529907228,2.297450065612793,0.402927041053772,-0.09638746827840804,-0.5489343404769897,1.0365327596664429,37.03236770629883,13.386442184448242,1.8750476837158203,9.404610633850098,13,13
3216543,23,55.29613494873047,124.16941833496094,1.0476524829864502,28.91189956665039,-0.5367003083229065,6.42376184463501,3.3975253105163574,0.7631980776786804,-0.1300557106733322,2.513442039489746,3.536440372467041,10.819158554077148,1.4113458395004272,2.0176680088043213,1.2880403995513916,5.508410453796387,1.293757438659668,32.702613830566406,0.23179927468299863,29.965167999267575,0.5992113947868347,69.93639373779297,-0.21438968181610107,1.6256474256515503,17.257293701171875,-0.3946073055267334,1.1188894510269165,1.6460193395614624,54.13389587402344,64.2980728149414,10.732202529907228,1.0080686807632446,-0.01440649572759866,5.966017723083496,0.13352127373218536,3.459983587265014,16.132080078125,14.217708587646484,0.9961768984794616,-0.45166581869125366,9,9
5199714,31,168.98544311523438,311.6907653808594,-0.38788825273513794,53.20476150512695,-0.09957876056432724,-0.2388550341129303,6.993308067321777,6.941224575042725,-0.08358430117368698,-0.1609138548374176,11.030121803283691,9.29063606262207,1.329365372657776,3.474299192428589,-0.1273464411497116,1.892465353012085,0.8868295550346375,6.2322845458984375,1.3181679248809814,97.419403076171875,3.1262731552124023,983.8985595703124,-0.2871633470058441,1.5430278778076172,18.464645385742188,1.4472099542617798,-0.19819092750549316,-0.389737993478775,120.9642562866211,105.9326400756836,31.8255672454834,-0.2169574350118637,-0.1958644986152649,-0.3068857192993164,-0.266611248254776,1.1839773654937744,52.19075775146485,14.107484817504885,29.36990547180176,3.601074457168579,13,13
2208755,26,502.8180541992187,987.987060546875,1.7211556434631348,307.7682800292969,284.39154052734375,-0.06318194419145584,1.1899338960647583,136.6077117919922,0.8560280799865723,0.9893552660942078,22.00332260131836,8.288200378417969,0.1286858320236206,6.035303592681885,-0.7311341166496277,2.7083046436309814,0.31090399622917175,40.05586242675781,-0.31319066882133484,120.35880279541016,2.380733013153076,1619.2081298828125,-0.15921272337436676,-0.01187311578541994,33.7225227355957,-0.3836162984371186,-0.6181876063346863,-0.49522626399993896,434.0682373046875,79.2952651977539,1.4574929475784302,-0.2024831771850586,2.9673123359680176,0.7933951020240784,-0.364455133676529,-0.26832547783851624,21.35758399963379,36.05342102050781,1.24083149433136,5.161759853363037,8,8
2208767,37,180.31271362304688,339.3258056640625,0.932836651802063,3.4808263778686523,40.26732635498047,9.053940773010254,-0.753450334072113,17.155851364135742,-0.5959116816520691,1.4168288707733154,2.9895057678222656,17.72962760925293,4.170454025268555,-0.26883700489997864,1.8956016302108765,4.709056377410889,-0.1101737916469574,13.251517295837402,1.4497883319854736,328.5527038574219,3.626605033874512,801.065185546875,2.77908706665039,10.63466453552246,24.872425079345703,2.241088390350342,-0.05424568429589271,0.8710656762123108,116.97698211669922,73.25521087646484,41.24613571166992,-0.4202316403388977,2.724928855895996,1.4359713792800903,0.7130504846572876,0.92932891845703125,78.68595123291016,31.683181762695312,3.490884065628052,7.775750160217285,11,11
5105643,22,143.20115661621094,282.9334411621094,50.306209564208984,14.566204071044922,7.730352401733398,-0.5238612294197083,-0.7897986769676208,-0.6329083442687988,0.6971935629844666,2.209645986557007,24.54054832458496,42.50662612915039,10.03960418701172,-0.08635921031236649,2.8682172298431396,2.4173011779785156,5.322995662689209,32.70411682128906,3.7444958686828618,300.966064453125,1.6935491561889648,73.51861572265625,1.151976466178894,7.513607978820801,26.959657669067383,-0.2079198658466339,1.5122126340866089,-0.8000110387802124,417.4408264160156,130.8089141845703,15.507636070251465,3.073645830154419,1.0120140314102173,1.6597623825073242,-0.5568405389785767,-0.01898804120719433,7.4798583984375,14.594426155090332,-0.7847753167152405,1.5944808721542358,5,5
2272722,25,218.76626586914065,383.2170715332031,58.001564025878906,1.7626343965530396,53.69742965698242,0.3262682557106018,9.437257766723633,1.3741172552108765,-0.5549593567848206,2.2062039375305176,6.505066394805908,32.39219665527344,5.734949588775635,3.349353790283203,-0.3692212998867035,3.6609175205230713,6.087507247924805,18.108814239501953,3.453098773956299,138.47232055664062,11.061006546020508,1959.5772705078125,-0.26935064792633057,-0.09876876324415208,0.24732430279254913,2.1194119453430176,-0.4019317030906677,0.4952866435050965,61.80049514770508,74.60649108886719,1.652357816696167,-0.513637125492096,1.1145691871643066,-0.2125859260559082,-0.6127145290374756,-0.589013397693634,4.601366996765137,22.768659591674805,1.4749877452850342,11.31670379638672,1,1
809116,40,84.38665771484375,182.46157836914065,-0.32685574889183044,38.10499572753906,-0.6170929074287415,3.919442653656006,4.225555896759033,1.6890511512756348,0.5038347244262695,-0.5162635445594788,18.78404235839844,21.505794525146484,2.872776508331299,1.344023823738098,1.3760061264038086,4.14466667175293,11.162899017333984,22.239063262939453,2.4208834171295166,487.4370422363281,1.168052077293396,772.97796630859375,1.3042919635772705,2.3206331729888916,15.425764083862305,7.176039218902588,-0.46982499957084656,1.251508355140686,2018.154296875,97.92674255371094,0.684967041015625,0.6277478337287903,-0.5791856050491333,0.4337390959262848,1.2116020917892456,-0.1463746428489685,13.892412185668944,24.365867614746097,2.0971810817718506,15.763155937194824,9,9
1777072,23,386.294921875,732.73126220703125,0.01148600596934557,164.4934844970703,-0.04476269334554672,12.34076690673828,0.7950479984283447,25.138885498046875,-0.07737280428409576,0.02379092946648597,10.160228729248049,16.468212127685547,-0.10170961171388626,3.03076696395874,1.7683279514312744,22.90671730041504,-0.2398354709148407,26.00404930114746,0.8661648035049438,224.72894287109375,1.4280284643173218,445.3843994140625,-0.6870664358139038,6.628304958343506,14.698568344116213,-0.6700624823570251,-0.11771708726882936,0.06530554592609406,270.9533386230469,147.9185333251953,1.7716481685638428,1.643332839012146,2.1036436557769775,-0.6384343504905701,-0.2129467874765396,-0.5487952828407288,23.407621383666992,26.7286376953125,0.24860428273677823,2.6089437007904053,12,12
1255068,21,204.68882751464844,528.89532470703125,-0.3396366238594055,15.990464210510254,37.78572082519531,-0.4586347341537475,-0.27849069237709045,39.15626525878906,5.063236236572266,0.3107219636440277,43.08699798583984,61.79937744140625,0.03274593129754066,-0.7016837000846863,-0.6809790730476379,-0.6021671295166016,-0.254224568605423,38.506103515625,0.31937891244888306,423.5365905761719,0.8813223838806152,90.3439483642578,-0.21547728776931763,3.092120409011841,24.051746368408203,0.24851511418819427,-0.6389281153678894,1.6299562454223633,512.401611328125,151.05311584472656,9.262569427490234,-0.15148724615573883,-0.41480544209480286,-0.5447927713394165,-0.211868479847908,-0.621965229511261,3.3002161979675293,7.515014171600342,-0.549738347530365,-0.5597673654556274,8,8
768181,26,194.2913055419922,303.67059326171875,0.8541099429130554,78.6712646484375,30.52495574951172,0.925312638282776,-0.08918295800685883,17.793766021728516,0.9369878768920898,-0.6569673418998718,21.488819122314453,31.682432174682617,4.83897066116333,2.137121200561523,1.1478629112243652,0.47449448704719543,3.3732075691223145,34.993160247802734,5.286112308502197,208.4351806640625,-0.25117865204811096,247.28414916992188,-0.6141455769538879,0.7783008813858032,11.557539939880373,2.188725471496582,-0.28527772426605225,-0.6440010070800781,81.11844635009766,59.93012237548828,20.805187225341797,-0.6592418551445007,3.4576752185821533,2.049293756484986,-0.39045682549476624,-0.4680186212062836,12.28162670135498,10.216960906982422,9.99484634399414,36.40019226074219,8,8
2155736,23,422.8742370605469,816.9588623046875,5.194797515869141,16.195892333984375,14.8937349319458,7.563033103942871,-0.6603216528892517,1.3990899324417114,1.334135890007019,-0.7183755040168762,5.96296501159668,4.484504222869873,12.18913459777832,0.404005914926529,2.6897494792938232,13.970699310302734,2.15447735786438,93.56745910644533,2.792042016983032,110.8311767578125,2.605170965194702,75.04598236083984,0.5301878452301025,6.912132263183594,34.17737579345703,0.02266413904726505,1.2352091073989868,0.3090961277484894,151.5104522705078,243.25909423828125,10.451152801513672,-0.28322702646255493,-0.3898891806602478,7.85038948059082,-0.6214599013328552,0.0904674082994461,52.843780517578125,22.968847274780273,8.29015064239502,2.710059404373169,6,6
2647794,25,231.78421020507812,458.0870361328125,50.86980438232422,34.38792037963867,1.1150742769241333,-0.44190269708633423,7.986988544464111,2.8238513469696045,-0.07214859127998352,0.2605559229850769,6.479821681976318,8.193561553955078,13.365093231201172,3.876704692840576,5.391166687011719,8.69362735748291,4.734630584716797,58.22999572753906,-0.6422197222709656,399.0769958496094,1.1624174118041992,311.1766052246094,-0.7217545509338379,1.1989960670471191,12.458476066589355,0.8961189389228821,-0.2987854480743408,0.27925726771354675,213.7535095214844,179.66542053222656,22.049489974975582,4.211278438568115,-0.5189628601074219,1.6223253011703491,-0.01854026690125465,0.9111559987068176,45.10297393798828,7.930087089538574,8.640951156616211,8.483592987060547,3,3
2271629,26,647.45379638671875,1066.265625,365.3174133300781,1.662729024887085,-0.6128852963447571,11.509608268737791,2.9253859519958496,67.898162841796875,5.536932468414307,6.487617492675781,46.24889373779297,61.488525390625,16.8427791595459,3.727169752120972,1.7668588161468506,9.810429573059082,3.991708993911743,96.58458709716795,1.819269776344299,1150.029541015625,6.678203105926514,467.040283203125,-0.4700970947742462,3.0691332817077637,26.317655563354492,-0.22502686083316803,-0.20889398455619812,-0.13488146662712097,307.23260498046875,503.5289611816406,7.563234329223633,0.5350323915481567,-0.00836757943034172,1.045661687850952,-0.5942373275756836,-0.46204885840415955,44.49468994140625,101.68187713623048,0.8332393169403076,0.41123685240745544,15,15
1729980,27,367.9557495117187,662.7176513671875,-0.29231134057044983,189.07879638671875,-0.26913344860076904,11.5868558883667,11.106400489807127,0.7623750567436218,4.614211559295654,-0.3604641258716583,21.79100799560547,28.593008041381836,10.885732650756836,7.001296043395996,0.5200889110565186,8.524699211120605,3.5616495609283447,85.87825012207031,5.163814544677734,500.8966369628906,4.5508012771606445,1341.9571533203125,-0.13031995296478271,7.978979110717773,21.58631134033203,0.4580937325954437,-0.6536272764205933,-0.6013691425323486,336.67474365234375,161.9232940673828,11.195772171020508,-0.0758708268404007,0.7704806923866272,1.2335540056228638,-0.5528608560562134,0.8359072804450989,28.199462890625,72.48173522949219,5.62457275390625,3.970297574996948,9,9
3171884,21,230.5178375244141,529.4173583984375,17.351125717163086,19.71637725830078,10.029626846313477,-0.18134425580501556,-0.6305010318756104,-0.17714673280715942,0.8376242518424988,-0.348138689994812,5.5282087326049805,8.614628791809082,-0.47390422224998474,-0.45774582028388977,1.3895930051803589,3.691663265228271,3.022491216659546,7.495323181152344,0.5508391261100769,76.40155029296875,0.7266219854354858,259.11798095703125,-0.15941782295703888,3.5413129329681396,28.613073348999023,-0.18393242359161377,-0.6510623693466187,-0.0489230565726757,115.11585235595705,62.10218811035156,-0.5845537185668945,-0.7045290470123291,-0.4305146634578705,-0.6124473214149475,-0.48632121086120605,-0.4478031992912293,8.382616996765137,4.056434154510498,0.8601005673408508,20.552576065063477,5,5
1330825,29,286.0082092285156,507.2370300292969,4.8628458976745605,172.68589782714844,157.38552856445312,4.379593849182129,1.2860854864120483,6.5729875564575195,1.2352256774902344,-0.42797544598579407,3.381732702255249,6.775960922241211,20.637535095214844,-0.6878089904785156,-0.01503098104149103,0.8145430088043213,6.324888706207275,89.26782989501953,2.313340187072754,106.22689056396484,1.6647249460220337,173.5172576904297,-0.5314182639122009,6.527900218963623,13.549793243408203,4.956180095672607,3.2214577198028564,2.5194666385650635,151.6682891845703,186.38902282714844,7.0031914710998535,0.6234500408172607,1.2688438892364502,0.14387403428554535,-0.00818053353577852,3.076809883117676,22.790746688842773,8.77176284790039,2.002666473388672,6.226070404052734,6,6
4202146,29,269.6097412109375,628.92657470703125,0.4698449373245239,81.00593566894531,1.6323566436767578,9.976235389709473,0.19986431300640103,15.201723098754885,-0.679402768611908,-0.7715510129928589,12.381006240844728,23.43984603881836,3.5826337337493896,2.2618584632873535,-0.2919452488422394,12.218130111694336,1.3945039510726929,44.980072021484375,2.151820659637451,625.49444580078125,-0.5348050594329834,226.16001892089844,-0.3707049489021301,-0.06617684662342072,22.68926429748535,1.434032320976257,0.8017653226852417,3.591602563858032,25.142602920532227,187.10842895507812,22.099273681640625,2.5441505908966064,1.2967610359191897,-0.7099957466125488,-0.16584859788417816,2.081883192062378,32.65418243408203,16.973249435424805,0.05133340507745743,12.22368049621582,12,12
4627916,30,152.5749053955078,316.3072204589844,32.395687103271484,25.914793014526367,17.62693977355957,0.32239076495170593,1.925190567970276,0.00149491801857948,-0.6022877097129822,1.661777138710022,15.7315673828125,29.275482177734375,7.39565372467041,3.4610812664031982,1.4971575736999512,9.97918701171875,-0.8433218002319336,60.105735778808594,4.854021072387695,341.1385498046875,3.3611087799072266,333.0032653808594,-0.6695682406425476,12.409767150878906,31.956478118896484,4.650670051574707,-0.6458063125610352,-0.6827248930931091,425.4254150390625,130.09420776367188,48.326995849609375,1.855621337890625,1.6577208042144775,-0.34038886427879333,-0.8139556646347046,2.388617992401123,221.56509399414065,32.772613525390625,1.848699927330017,3.0840015411376953,5,5
2654346,52,41.560977935791016,103.26017761230467,-0.12037375569343568,79.40645599365234,63.25481033325195,-0.3663731515407562,0.7970540523529053,71.74015808105469,-0.4000910520553589,1.5900665521621704,13.036262512207031,4.911577224731445,7.479944229125977,5.216815948486328,8.60966682434082,25.008466720581055,-0.65178680419921875,15.443320274353027,2.555070161819458,93.683197021484375,4.102048397064209,1491.966064453125,-0.3161945343017578,0.794964075088501,30.79709815979004,-0.7248096466064453,-0.4179328680038452,4.061528205871582,91.11285400390624,86.146820068359375,11.416062355041504,-0.4167955219745636,2.863154649734497,1.491326928138733,-0.5563167333602905,0.02697029896080494,41.29252624511719,31.554210662841797,7.166221618652344,11.261164665222168,8,8
1793827,37,126.15895080566406,208.69204711914065,72.70085906982422,90.86930084228516,41.47950744628906,-0.7029168009757996,2.993997097015381,3.101090431213379,0.973139226436615,1.8646700382232664,16.374378204345703,23.063447952270508,6.5439300537109375,1.878226399421692,2.806386232376098,11.43409824371338,-0.09759512543678284,16.47366714477539,2.4008631706237793,455.9030151367187,2.510202169418335,381.72705078125,-0.3040193021297455,2.434619188308716,8.901209831237793,4.992894172668457,-0.35203197598457336,3.6414172649383545,197.14683532714844,423.0655212402344,6.777825355529785,1.4638359546661377,1.0952049493789673,-0.07825561612844467,-0.22543805837631223,0.05950077995657921,31.031984329223633,15.82583999633789,1.0070751905441284,3.1676130294799805,5,5
4935822,33,195.3711853027344,424.7404479980469,-0.31064677238464355,39.15098190307617,-0.7461747527122498,18.65520477294922,6.294684410095215,3.707733631134033,1.7454304695129397,-0.1909683793783188,11.50903606414795,13.058645248413086,0.5570544600486755,1.6501885652542114,-0.7084552049636841,11.131434440612791,-0.216194748878479,14.937235832214355,7.93730878829956,180.06277465820312,2.0585176944732666,624.94781494140625,-0.2580599784851074,2.0967226028442383,10.093013763427734,7.969466686248779,-0.31601086258888245,3.2182672023773193,76.07195281982422,198.27218627929688,13.391902923583984,1.367883324623108,-0.6682294607162476,-0.4378194510936737,-0.46065133810043335,0.7591449022293091,7.497389316558838,11.543845176696776,6.8395771980285645,4.358192443847656,9,9
1690351,29,285.23468017578125,410.51953125,50.53413009643555,-0.21550332009792328,1.6989699602127075,16.418376922607422,1.8051470518112185,31.306182861328125,370.4021911621094,3.2518630027770996,27.313770294189453,110.16211700439452,6.934624195098877,10.515704154968262,4.564273357391357,127.29449462890624,5.662682056427002,44.55037689208984,8.096946716308594,804.44171142578125,-0.03963300213217735,119.15707397460938,35.7741584777832,3.84329891204834,11.619543075561523,-0.3063511848449707,-0.44675177335739136,1.374547839164734,252.5674743652344,228.75424194335935,23.702129364013672,86.00907135009766,2.7239468097686768,17.614744186401367,-0.20164600014686584,-0.02343286573886871,9.006671905517578,39.48884582519531,12.41572380065918,0.7072973847389221,15,15
1210830,26,232.84950256347656,495.5187377929687,122.32247924804688,1.4792135953903198,-0.5986493825912476,-0.46866360306739807,6.668070316314697,7.199999809265137,1.2836982011795044,0.4048663377761841,3.157799482345581,18.644227981567383,10.797906875610352,1.7738845348358154,-0.4569458961486816,1.6834056377410889,-0.3640069365501404,6.789407730102539,10.435503959655762,972.9945068359376,4.925225734710693,260.1257019042969,-0.14202488958835602,-0.5971380472183228,39.807106018066406,-0.13914035260677338,-0.06247245520353317,-0.18825753033161163,27.145030975341797,183.2480926513672,19.357704162597656,0.4643177390098572,1.1649715900421145,2.4025416374206543,-0.21457943320274353,0.7749334573745728,24.480714797973633,20.723955154418945,6.807917594909668,4.579864501953125,4,4
2171373,44,185.3370361328125,384.48248291015625,47.60320281982422,5.488508224487305,0.764276921749115,0.10798439383506776,17.536888122558594,17.117429733276367,6.598507881164551,0.92844957113266,40.026180267333984,41.10186004638672,0.8282347321510315,-0.6909593343734741,5.404694080352783,19.387144088745117,6.86251163482666,21.179759979248047,1.135218858718872,748.6756591796875,8.153656005859375,111.2188491821289,1.378653645515442,3.9648187160491943,42.962425231933594,1.835007071495056,0.24923992156982425,2.769094944000244,85.91632080078125,399.3285217285156,17.91448402404785,3.4302608966827393,0.4284195601940155,-0.3291284739971161,-0.6079671382904053,0.04776518046855926,43.732696533203125,19.645139694213867,0.27969732880592346,15.37542724609375,4,4
76827,36,211.77587890625,355.8805847167969,4.2646050453186035,72.98206329345703,38.36177062988281,0.9303455352783204,-0.0223584808409214,55.7043571472168,0.7274023294448853,0.4887693226337433,9.286592483520508,13.01340389251709,5.615590572357178,0.9754716157913208,-0.13334450125694275,7.781113147735596,4.027301788330078,51.090721130371094,1.0143756866455078,206.6601104736328,3.4636106491088867,229.84323120117188,0.355704128742218,1.5266979932785034,24.617271423339844,2.1873185634613037,-0.05985869094729423,4.198713779449463,121.49115753173828,77.75157928466797,56.42164611816406,-0.4599030315876007,0.94176650047302235,1.0424150228500366,-0.04532331228256225,0.2089018076658249,30.449033737182617,40.20218276977539,9.051506042480469,6.182671070098877,8,8
201747,29,84.496978759765625,188.95005798339844,-0.5564437508583069,-0.6624287366867065,12.083539962768556,-0.3673288226127625,6.485419750213623,9.52190113067627,0.7002988457679749,2.3797640800476074,23.241302490234375,22.826343536376953,11.908551216125488,1.6798824071884155,0.4800387918949127,5.588202953338623,16.15346908569336,92.214202880859375,2.59197735786438,447.5312805175781,-0.03856538608670235,59.74783706665039,0.6507847309112549,5.658620834350586,6.725590229034424,1.3988853693008425,-0.08636513352394104,-0.2082357555627823,39.54957580566406,200.36631774902344,3.62676739692688,1.891573429107666,1.121990203857422,2.5415046215057373,-0.3017731010913849,1.3201700448989868,26.785022735595703,9.867408752441406,1.008395433425903,0.7501498460769653,14,14
2470438,33,209.09031677246097,418.2153015136719,-0.4598114788532257,29.188682556152344,-0.10429146140813828,8.537008285522461,9.70998764038086,2.9690887928009033,-0.22369587421417236,-0.5287244319915771,11.5485200881958,8.794305801391602,2.684803009033203,1.6330926418304443,-0.6178475022315979,6.496790885925293,1.7081929445266724,41.85321807861328,1.0038644075393677,509.5626831054687,1.155144214630127,190.83120727539065,0.5946981906890869,1.0879912376403809,5.726654529571533,1.2254903316497805,2.688811779022217,0.16969580948352814,227.08363342285156,86.28779602050781,16.477359771728516,0.2830291986465454,-0.23841361701488495,5.13727331161499,-0.6246359348297119,0.04878499358892441,37.0455436706543,5.047948837280273,2.654762029647827,35.78010940551758,9,9
1214195,24,232.6215362548828,431.2066345214844,45.998416900634766,69.16414642333984,-0.39787834882736206,4.006210803985596,-0.5309884548187256,0.06531543284654617,1.2738395929336548,-0.2838163673877716,16.6337947845459,80.27404022216797,0.956958532333374,1.79681134223938,-0.5943993926048279,2.5615296363830566,1.344802737236023,26.22522354125977,9.578482627868652,772.69793701171875,2.5039141178131104,168.68885803222656,0.23163118958473208,4.413145065307617,14.96962547302246,-0.2608426809310913,-0.28571468591690063,0.7828226685523987,26.65989112854004,196.8842010498047,14.189336776733398,0.15200930833816528,1.4796873331069946,0.09166115522384644,-0.13844585418701172,-0.369456022977829,29.32956314086914,33.59367370605469,5.121572494506836,7.908304691314697,16,16
2972881,26,305.88818359375,675.72979736328125,107.20189666748048,0.5821095705032349,-0.04643984138965607,-0.35025331377983093,8.9874114990234375,9.518098831176758,0.5676347613334656,-0.01499893888831138,27.33170509338379,19.07573127746582,6.521444320678711,4.991072177886963,0.3140239417552948,9.390655517578123,2.5346357822418213,45.77596664428711,2.759260892868042,162.0638427734375,5.0086445808410645,1129.30859375,-0.3793150186538696,1.9004021883010864,10.821454048156738,-0.4839048683643341,-0.04054470732808113,-0.32590991258621216,189.2248382568359,208.6684112548828,28.787830352783203,0.6467083096504211,-0.7272043824195862,-0.590319037437439,-0.00510986521840095,0.16242675483226776,-0.15796855092048645,56.51441955566406,-0.7495885491371155,1.972270965576172,4,4
5079756,27,177.0794219970703,300.87890625,36.420894622802734,43.141448974609375,38.141090393066406,3.126235008239746,-0.42915254831314087,3.004342794418335,2.5619797706604004,-0.5293424129486084,20.42281150817871,18.98636054992676,-0.5888583660125732,1.2515809535980225,-0.08212611824274063,1.8480387926101685,2.11061429977417,15.307873725891112,2.41412353515625,268.8016052246094,1.5010141134262085,465.13714599609375,0.7467411756515503,-0.4826589226722718,11.287456512451172,-0.7581478357315063,-0.7424359917640686,1.694400668144226,85.21318817138672,80.72127532958984,21.4077205657959,1.9362337589263916,-0.6592700481414795,-0.46196988224983215,-0.3708717823028565,-0.2298235297203064,12.324177742004396,21.009366989135746,12.624109268188477,9.289258003234863,5,5
4149578,26,515.20953369140625,899.57012939453125,0.45453038811683655,201.1019287109375,144.90484619140625,4.968728542327881,2.136556625366211,2.629119634628296,0.29636284708976746,6.092885971069336,25.361003875732425,76.30158996582031,3.019490003585815,2.420773983001709,-0.5069528222084045,22.14846992492676,2.544055461883545,32.91745376586914,4.504854679107666,1151.48681640625,6.91495418548584,702.84210205078125,-0.308856725692749,5.127049922943115,24.07314682006836,-0.26621246337890625,-0.1437910795211792,-0.4642307460308075,198.8458709716797,1035.25244140625,23.035411834716797,-0.18102583289146423,-0.14813126623630524,-0.41000786423683167,-0.44942235946655273,-0.1692393720149994,17.357868194580078,7.579307556152344,12.111804008483888,5.667354583740234,6,6
2428990,27,400.1897277832031,816.6378173828125,-0.5585523843765259,92.24909973144533,104.9649887084961,-0.2815335690975189,-0.3047732412815094,42.90646743774414,2.624046564102173,-0.03008499927818775,18.326671600341797,37.95401763916016,6.963379859924316,5.479177474975586,9.078868865966797,4.243441581726074,0.4723241627216339,20.32962989807129,3.1223714351654053,701.836669921875,4.864455223083496,1039.8385009765625,-0.5571497082710266,3.87760329246521,27.555410385131836,-0.433453232049942,7.122837066650391,-0.7255553603172302,227.26873779296875,397.58892822265625,5.3366899490356445,-0.7253046631813049,-0.6085071563720703,-0.30572187900543213,-0.6706404089927673,-0.6420251131057739,30.350631713867188,12.722918510437012,4.3172197341918945,2.968414068222046,8,8
1788264,22,195.0010223388672,441.6368103027344,-0.3323374092578888,72.6550521850586,-0.4978718161582947,-0.2480209618806839,5.805790424346924,28.805063247680664,-0.20933663845062256,-0.4307599365711212,4.006317138671875,2.911093473434448,2.8788270950317383,2.62186050415039,-0.3637627959251404,3.222817897796631,0.18397186696529388,25.69871711730957,2.447051763534546,111.69322204589844,-0.44485756754875183,1067.0408935546875,-0.42318838834762573,0.6247026324272156,23.544950485229492,0.22927887737751007,-0.02032238990068435,5.296956539154053,382.88775634765625,63.73966598510742,12.050947189331056,-0.6008486151695251,-0.2790098488330841,-0.49096179008483887,-0.04492055252194404,-0.08096540719270706,5.827831268310547,19.045541763305664,-0.5881662964820862,-0.1992442011833191,13,13
23687,33,210.19004821777344,333.71502685546875,1.127796292304993,44.76251983642578,-0.47760632634162903,5.342077732086182,3.6178410053253174,2.1556105613708496,1.931293249130249,-0.5095471739768982,10.24616813659668,10.25066089630127,4.856631278991699,4.705043315887451,3.360687255859375,3.985914468765259,1.2821449041366575,14.875527381896973,2.0126678943634033,134.8462677001953,-0.5244532227516174,338.3719787597656,-0.165133997797966,3.35724139213562,25.80685043334961,-0.5100030303001404,-0.4991921186447144,2.54862642288208,138.01638793945312,71.54358673095703,14.172088623046877,2.4910504817962646,3.215156078338623,2.480694055557251,-0.19035789370536804,1.2325259447097778,52.95310974121094,10.574697494506836,16.90538787841797,1.7604289054870603,9,9
5195261,32,194.86827087402344,529.5703125,138.83578491210938,0.8354148268699646,114.66765594482422,-0.17341583967208862,-0.28993406891822815,91.85969543457033,1.6279946565628052,-0.7281025052070618,4.0628156661987305,21.705068588256836,19.593284606933594,3.88801646232605,7.92901086807251,9.952402114868164,1.3167860507965088,57.25088882446289,-0.6045284867286682,725.89697265625,2.8343734741210938,171.74917602539062,0.6192927360534668,2.1521599292755127,59.96971130371094,3.1583826541900635,-0.4784489572048187,-0.7640732526779175,97.71574401855467,489.7294006347656,7.289010524749756,4.707565784454346,1.7693809270858765,-0.28033459186553955,-0.28939390182495117,2.2193350791931152,91.54912567138672,54.05427932739258,2.2862370014190674,3.5770299434661865,2,2
5352281,26,258.0722961425781,512.86981201171875,58.48828125,77.30000305175781,-0.0911368876695633,-0.8111739754676819,8.4426851272583,-0.094150148332119,2.126719236373902,-0.7354322671890259,3.4953675270080566,41.91421127319336,13.954473495483398,4.798355579376221,3.27212905883789,3.817883253097534,-0.05430516228079796,34.830413818359375,-0.119710311293602,1208.928955078125,0.41050654649734497,84.18396759033203,1.1212821006774902,4.636160373687744,33.37721252441406,-0.8373290300369263,-0.08209452778100967,-0.5207971334457397,105.9117202758789,66.5550537109375,35.97466278076172,-0.30881476402282715,0.3690597414970398,-0.6137206554412842,-0.3195204734802246,5.602154731750488,77.64659881591797,31.672576904296875,-0.05387035757303238,15.858701705932615,3,3
1197099,24,262.5356140136719,536.45880126953125,24.66541862487793,27.114238739013672,2.630617380142212,-0.24624355137348175,6.275035381317139,1.125557780265808,1.230648398399353,1.4504576921463013,2.707925319671631,20.490985870361328,3.527554750442505,1.9654066562652588,0.3440465033054352,0.7280321717262268,2.5461955070495605,54.49011993408203,1.2505038976669312,316.515869140625,3.537735939025879,285.50189208984375,-0.6060971617698669,2.2544310092926025,3.542178153991699,-0.4688625037670135,-0.05461141839623451,-0.2998462915420532,179.9635467529297,52.13804626464844,25.68963623046875,2.3401966094970703,0.8651206493377686,-0.02825019508600235,-0.4506434500217438,-0.4537293314933777,16.91750717163086,14.824772834777832,2.794515609741211,15.456019401550291,3,3
2270883,25,246.66127014160156,458.1731567382813,53.36267852783203,0.8338477611541748,36.59928894042969,-0.2716025412082672,-0.4093756377696991,18.784881591796875,7.277912139892578,1.144018292427063,31.448335647583008,11.999005317687988,3.707155704498291,0.4712971150875091,1.2022063732147217,5.936179161071777,2.107778310775757,21.798818588256836,-0.6414682865142822,343.838623046875,-0.1331343948841095,182.91539001464844,-0.743248701095581,4.677160739898682,15.300833702087402,2.0297532081604004,2.820289373397827,-0.159490704536438,69.8389663696289,168.48736572265625,19.33961296081543,-0.15183867514133453,4.20110559463501,0.12168516963720322,-0.3970151841640472,-0.22566214203834536,38.32549285888672,76.850799560546875,20.311260223388672,0.7145286202430725,2,2
5096170,22,383.9376525878906,689.36578369140625,0.9595707654953004,-0.7020566463470459,77.37921905517578,3.421969413757324,-0.46004053950309753,21.257110595703125,2.972249984741211,1.5989385843276978,-0.4453957974910736,0.6237030625343323,0.20554772019386292,-0.5083928108215332,-0.561606228351593,2.344002485275269,4.457286834716797,36.52968978881836,-0.10238131880760191,124.73495483398438,-0.3730308413505554,8.198700904846191,-0.28185704350471497,3.909504652023315,50.999969482421875,0.9095638394355774,-0.5042311549186707,1.098831057548523,54.484893798828125,155.0713348388672,18.475221633911133,1.4546855688095093,-0.42436641454696655,-0.5119506120681763,-0.55068206787109375,5.638243198394775,22.641128540039062,26.692859649658203,-0.5866537690162659,3.905134916305542,11,11
2277335,19,172.06588745117188,517.7589111328125,38.864479064941406,0.4851356148719787,20.22233009338379,-0.1692139059305191,0.3891052007675171,53.30013275146485,-0.5099220871925354,1.1765291690826416,35.08205032348633,12.04629135131836,7.635646343231201,2.9321625232696533,1.204123854637146,2.110703945159912,0.9151164889335632,70.74358367919922,-0.15632200241088867,268.8949890136719,4.981915473937988,406.4825134277344,-0.5136121511459351,0.8779784440994263,9.270967483520508,1.8206995725631712,-0.6703692674636841,-0.6396626830101013,203.64205932617188,130.03778076171875,24.335052490234375,0.3242068886756897,-0.5684708952903748,-0.47286391258239746,-0.01535624265670776,-0.02632513456046581,1.6090341806411743,38.22398376464844,2.9194746017456055,0.13635636866092682,2,2
1407570,23,521.09185791015625,818.3671875,251.57940673828125,-0.0938926637172699,-0.5205995440483093,-0.4520844221115112,18.40620231628418,31.14244079589844,0.20599880814552307,-0.2995704412460327,18.152254104614254,97.05126190185548,2.545356273651123,1.4578578472137451,-0.08912565559148788,7.023261070251465,4.429518222808838,27.87420654296875,0.20675866305828097,628.58428955078125,0.7792614698410034,1311.705810546875,-0.25957193970680237,-0.0647963136434555,11.51438045501709,-0.605747401714325,0.20269162952899933,-0.35818564891815186,76.56717681884766,94.77503967285156,4.22920036315918,-0.13050700724124908,-0.4359603524208069,-0.14571553468704224,-0.42322221398353577,-0.4387565553188324,31.588905334472656,71.37968444824219,1.1281899213790894,1.0571805238723757,4,4
2136970,34,330.58416748046875,826.9180297851564,2.2845876216888428,86.35382080078125,131.88043212890625,5.044701099395752,-0.5592476725578308,-0.4890804290771485,3.198219537734986,3.6369566917419434,19.73264503479004,34.015045166015625,3.921369791030884,0.3572061359882355,-0.17969214916229248,33.927371978759766,1.7261406183242798,38.012081146240234,5.478896141052246,719.768798828125,1.210736632347107,190.28135681152344,-0.5436496734619141,7.670335292816162,33.17823791503906,-0.7208399772644043,1.2357367277145386,4.4223151206970215,127.03755950927734,535.73736572265625,20.189035415649418,-0.2359103113412857,-0.16331502795219421,-0.22157533466815948,1.0808489322662354,-0.6011917591094971,27.060117721557617,26.171186447143555,4.1423726081848145,2.187509298324585,6,6
1716916,33,167.735595703125,491.2616271972656,54.840599060058594,2.797661542892456,-0.5224434733390808,4.022797107696533,1.0353153944015503,24.546287536621097,129.8702392578125,5.374197959899902,40.08050155639648,53.61832046508789,27.75891494750977,100.26913452148438,-0.6595436930656433,326.4482116699219,4.182511329650879,85.28746032714844,9.555046081542969,1145.183837890625,1.6618740558624268,25.452983856201172,105.92613220214844,1.1935850381851196,14.753046035766602,1.0525139570236206,-0.6313027143478394,1.6342658996582031,120.3109893798828,218.0990753173828,20.552099227905273,795.43670654296875,2.0323572158813477,89.51752471923828,-0.5640221834182739,0.35439684987068176,15.604869842529297,110.21971893310548,15.83620262145996,4.476770877838135,15,15
4324254,29,162.90933227539062,462.0408020019531,18.522642135620117,1.5425753593444824,14.143391609191896,-0.8023567199707031,4.563441276550293,-0.5524210929870605,2.8281500339508057,0.875475287437439,33.897945404052734,12.029985427856444,8.90266227722168,2.563184976577759,2.1359949111938477,5.759984493255615,5.312437534332275,24.756364822387695,-0.03523122891783714,103.1830596923828,4.553099155426025,626.14794921875,1.3193693161010742,4.506175994873047,13.475723266601562,-0.291441947221756,-0.10280368477106094,0.9569995999336244,203.99514770507812,29.58059310913086,31.75084114074707,2.323357343673706,2.1084342002868652,-0.08274739980697632,-0.3575204312801361,-0.31458696722984314,19.799884796142575,24.962217330932617,1.4994072914123535,5.324765205383301,1,1
5087865,31,277.3488464355469,356.41961669921875,-0.12239008396863936,22.929019927978516,45.395992279052734,-0.408215194940567,8.306801795959473,1.4595221281051636,5.775162696838379,-0.12927523255348206,14.352547645568848,10.519892692565918,1.7049845457077026,-0.01016316562891006,5.213369846343994,9.37747573852539,3.4221320152282715,45.11140441894531,8.709798812866211,174.13015747070312,-0.5635360479354858,421.3791198730469,-0.6197317838668823,3.4983673095703125,5.385020732879639,1.4370696544647217,1.2862039804458618,1.5647683143615725,193.82899475097656,74.6767578125,18.785655975341797,1.452098727226257,0.699773907661438,1.4562352895736694,-0.39979287981987,1.6978821754455566,43.172874450683594,26.799896240234375,3.0306763648986816,5.233487129211426,7,7
1726681,44,827.22900390625,1386.5118408203125,92.096893310546875,95.30335998535156,-0.03127691522240639,1.845455765724182,5.2551164627075195,2.1301982402801514,7.144896984100342,-0.1416158527135849,24.989686965942383,23.81302833557129,20.2537784576416,5.067764759063721,7.317430019378662,1.0699516534805298,7.793452262878418,72.99208068847656,2.4956250190734863,1154.1044921875,13.51372528076172,360.03387451171875,3.20565414428711,12.02593231201172,58.57537078857422,11.718448638916016,-0.39720577001571655,-0.590924859046936,546.6302490234375,476.1227111816406,61.46704864501953,2.1821365356445312,4.45344877243042,0.9074982404708862,0.22446689009666443,0.8158972263336182,92.80224609375,43.37925720214844,32.270381927490234,3.408959150314331,3,3
5146466,27,472.6262817382813,947.30316162109375,60.36576843261719,30.436851501464844,-0.4030833840370178,15.421140670776367,-0.20462919771671295,-0.20790275931358335,0.259699285030365,5.739999771118164,10.522275924682615,40.46573638916016,13.0200834274292,1.6120439767837524,0.836299479007721,9.402807235717772,1.089262843132019,28.294933319091797,8.354662895202637,989.2205810546876,2.672615766525269,705.75775146484375,-0.1713150590658188,1.0608891248703003,68.50646209716797,-0.1575680375099182,-0.14915552735328674,-0.24166549742221832,169.47654724121094,435.3407897949219,10.467728614807127,-0.5999627709388733,0.08886895328760147,0.8457523584365845,-0.31732863187789917,-0.7584166526794434,9.420205116271973,46.53236770629883,5.686970233917236,-0.26347529888153076,16,16
4623148,26,227.8405609130859,409.9223327636719,3.5955989360809326,29.734498977661133,-0.1278522163629532,6.054836750030518,7.338629245758057,0.08653739094734192,-0.06958480924367905,9.012489318847656,33.99751663208008,45.1599235534668,6.543170928955078,1.6391668319702148,-0.4965737760066986,3.5825891494750977,2.5286190509796143,47.462039947509766,0.9883614778518676,375.0301208496094,3.756669521331787,424.3746337890625,1.040238380432129,8.5033597946167,11.782089233398438,6.246879577636719,-0.7601872086524963,0.24392755329608917,47.308319091796875,119.63873291015624,30.05489921569824,-0.38791537284851074,0.4348678588867187,-0.5918107032775879,-0.7938050031661987,-0.16184714436531067,50.54983139038086,73.00308990478516,6.364767074584961,6.838061809539795,9,9
195072,39,328.7151184082031,645.22857666015625,91.853302001953125,170.53048706054688,88.40837860107422,-0.3535277247428894,-0.025522256270051,1.0200501680374146,-0.684637725353241,3.188018798828125,10.664050102233888,48.673004150390625,2.3806729316711426,3.522425651550293,1.3091669082641602,17.897266387939453,-0.08572080731391907,39.3643684387207,4.304967880249023,913.5264282226564,2.6524434089660645,492.978759765625,-0.3725856840610504,5.3102707862854,22.919076919555664,-0.3834561109542846,0.5901676416397095,4.572351455688477,186.23326110839844,392.48004150390625,18.75516128540039,1.785045504570007,-0.07651630789041519,1.1362210512161257,-0.2135767787694931,-0.2149115204811096,28.717395782470703,47.671844482421875,7.546452522277832,28.140548706054688,5,5
5059576,36,213.21798706054688,425.0502624511719,150.06857299804688,4.475067138671875,-0.8104621171951294,-0.6174306869506836,10.370328903198242,8.632308006286621,-0.32738563418388367,-0.04802846536040306,7.136274814605713,19.00129508972168,5.4327006340026855,2.1122822761535645,2.924222707748413,3.3903400897979736,4.43175745010376,62.42964172363281,6.85087776184082,117.37151336669922,4.078184604644775,1711.06884765625,0.43226370215415955,3.214629888534546,16.774259567260742,-0.7149528861045837,0.4577916562557221,2.731146335601806,246.5323181152344,139.356201171875,-0.00333824940025806,3.1993408203125,-0.3916712403297424,2.603649377822876,-0.22954416275024417,3.663337230682373,4.632359981536865,21.07424545288086,-0.32110995054244995,5.447021484375,4,4
948590,28,143.7318572998047,314.6557922363281,-0.4517280161380768,2.4665305614471436,28.60161018371582,1.327625751495361,7.220869064331055,16.628957748413086,0.8987181186676025,-0.14360548555850983,6.192423343658447,68.3324203491211,3.06986665725708,2.7997727394104004,0.3074232339859009,4.122400283813477,1.4038820266723633,38.60361099243164,2.816519260406494,1163.0074462890625,1.901341676712036,397.8485412597656,-0.4288388788700104,5.407321929931641,17.591569900512695,0.9378967881202698,-0.08075421303510666,0.6894949674606323,23.10218620300293,521.20013427734375,7.363964080810547,0.29374420642852783,0.5693879127502441,1.2390522956848145,-0.1804162859916687,-0.01669220440089702,97.91626739501952,67.86454010009766,7.483245849609375,0.813651978969574,14,14
3264098,27,92.92095947265624,145.68043518066406,-0.3321986496448517,-0.34036001563072205,8.9894866943359375,2.6581971645355225,-0.05904699116945267,8.871665000915527,1.0477739572525024,-0.5563641786575317,37.02655792236328,32.67591094970703,7.683867454528809,2.9112627506256104,-0.05930101871490478,6.783909320831299,6.228466033935547,36.126129150390625,0.9189279079437256,692.43280029296875,-0.19094735383987427,65.9807357788086,1.9732959270477295,3.1437158584594727,26.127426147460938,7.219271183013916,-0.605513334274292,0.0286459531635046,922.73828125,41.48393249511719,15.329524040222168,-0.3417847454547882,-0.6079142093658447,-0.5356738567352295,-0.3121098279953003,0.09959572553634644,213.19155883789065,28.56180763244629,3.748142957687378,3.1065993309020996,11,11
258689,34,61.87874984741211,178.4786376953125,-0.28611963987350464,-0.4065586030483246,22.331310272216797,3.523275852203369,-0.2093115597963333,5.048779010772705,-0.5099299550056458,-0.18043357133865356,14.42164707183838,81.07662200927734,10.383627891540527,0.3053196370601654,3.491163969039917,4.523343563079834,0.21332909166812897,13.238727569580078,5.293623924255371,618.29925537109375,1.5013294219970703,46.83607864379883,6.0653839111328125,6.390622138977051,14.927820205688477,1.3355048894882202,-0.02288279682397842,2.733415365219116,25.67190170288086,121.09304809570312,17.78915023803711,2.584794044494629,2.9524946212768555,3.938283681869507,-0.15233191847801208,0.4650612771511078,39.903358459472656,32.02159881591797,7.0052289962768555,15.28425121307373,11,11
1354189,40,298.81683349609375,622.59942626953125,1.05577290058136,269.8938903808594,180.6673583984375,-0.5551455020904541,11.23903465270996,1.0906107425689695,3.326875686645508,1.3776546716690063,9.558740615844728,32.17597579956055,4.737596035003662,1.2095597982406616,1.476232409477234,42.923213958740234,0.833761990070343,25.53224754333496,2.3204355239868164,261.12841796875,2.8517496585845947,1340.7650146484375,-0.30311959981918335,2.657407522201538,28.94241714477539,0.45679140090942383,1.1685751676559448,2.942643880844116,71.14188385009766,267.38067626953125,5.338380336761475,1.3297827243804932,1.25009286403656,0.5222698450088501,1.0781331062316897,0.12263550609350204,14.583632469177246,45.460227966308594,3.449765682220459,4.826716423034668,7,7
4372113,18,234.98876953125,470.3211975097656,-0.03871423751115799,-0.7363792657852173,20.68386459350586,12.960328102111816,-0.6388216614723206,8.388729095458984,2.125526189804077,3.088771104812622,19.1113338470459,26.576181411743164,5.7331156730651855,1.907711148262024,-0.5355636477470398,4.1122727394104,5.692071437835693,24.16476821899414,1.1659570932388306,118.33633422851562,1.492841124534607,727.41522216796875,-0.5242556929588318,-0.3850770592689514,6.538312911987305,0.5990682244300842,-0.1095038503408432,-0.07991261780261993,79.01441192626953,40.11723327636719,2.9504876136779785,-0.3999026119709015,-0.30594736337661743,-0.2888178527355194,-0.7847710251808167,-0.11867307126522064,14.877527236938477,14.66121768951416,-0.02817270532250404,2.167116165161133,11,11
1585003,45,235.24737548828125,534.909912109375,85.65946960449219,131.22720336914062,1.4172526597976685,6.860800743103027,-0.31754884123802185,2.8404929637908936,4.487552165985107,-0.2478175312280655,2.4183239936828613,23.279531478881836,11.234692573547363,0.41194161772727966,1.151777744293213,4.878488540649414,5.250382900238037,59.13197326660156,4.159049987792969,74.287994384765625,5.418734073638916,177.6300811767578,-0.3232369124889374,5.2794189453125,32.93544006347656,7.580984115600586,-0.4880057871341706,3.340423107147217,1908.573974609375,95.233184814453125,-0.6812211275100708,1.3082339763641355,-0.0604117326438427,3.4756968021392822,-0.6727500557899475,3.3729493618011475,8.558332443237305,9.65937614440918,1.0465495586395264,4.035424709320068,16,16
1708720,21,146.1863555908203,334.652099609375,35.871681213378906,45.923458099365234,27.47372055053711,-0.26943039894104004,0.5432989001274109,-0.35292327404022217,1.7163037061691284,1.8061259984970093,41.424110412597656,125.47722625732422,1.4597320556640625,1.0155540704727173,-0.4162328243255615,5.641494274139404,-0.3488016128540039,61.29029846191406,1.7966285943984983,903.7816162109376,2.0666632652282715,589.34552001953125,-5.265188519842923e-5,-0.3047706186771393,24.009197235107425,-0.6306355595588684,-0.6821135878562927,0.8991303443908691,125.68099212646484,292.284912109375,14.860190391540527,-0.6855291128158569,-0.19074992835521695,-0.4100256860256195,-0.3577961325645447,-0.09860699623823166,36.62265396118164,9.252798080444336,-0.05308190360665321,13.293342590332031,5,5
1297074,20,156.52301025390625,517.04669189453125,13.77811336517334,0.0447978600859642,27.63350486755371,-0.3509320318698883,4.839028835296631,-0.539925754070282,2.3959310054779053,0.9532758593559264,9.682976722717283,24.879552841186523,3.896233320236206,1.297715663909912,-0.29638710618019104,5.7043328285217285,5.054219722747803,19.959728240966797,-0.1138807013630867,201.24343872070312,-0.35119935870170593,49.619163513183594,1.53999125957489,-0.614439845085144,18.360305786132812,1.838984966278076,0.32441118359565735,0.23168250918388367,135.4036102294922,58.13764953613281,14.372479438781738,3.9825282096862793,0.27689069509506226,0.16013558208942413,-0.33497726917266846,-0.6551735997200012,1.152379035949707,27.81967544555664,-0.13822266459465027,1.039692759513855,1,1
3977209,35,196.9474945068359,377.3783264160156,60.505638122558594,3.351024866104126,35.50349807739258,1.127931833267212,3.683222532272339,1.5983234643936155,0.7696565985679626,0.8862655162811279,18.810041427612305,38.273136138916016,7.239468574523926,1.6343427896499634,3.842777729034424,1.714223861694336,2.75229811668396,26.701404571533203,-0.8157750964164734,217.0398712158203,9.546971321105955,111.44241333007812,-0.12601816654205322,5.170391082763672,82.01946258544922,2.050267457962036,1.4423717260360718,0.04213299974799156,152.83363342285156,160.44056701660156,24.867279052734375,11.121252059936523,-0.7381030321121216,7.564579010009766,-0.42157530784606934,2.3862695693969727,47.86406707763672,38.928985595703125,-0.4012696146965027,7.1034417152404785,1,1
3236085,27,211.67208862304688,460.8351135253906,1.35694420337677,-0.176617369055748,-0.4928807318210602,5.087220668792725,3.904263019561768,9.693400382995604,3.585261821746826,1.6418638229370115,8.764979362487793,21.10539436340332,8.06705379486084,3.2132537364959717,2.154432773590088,6.4595561027526855,2.664003610610962,23.460294723510746,5.948114395141602,569.1363525390625,1.7493592500686646,156.44894409179688,1.786715030670166,1.5070836544036863,12.527507781982422,12.51268482208252,-0.2118895798921585,-0.09492870420217514,31.476696014404297,117.04141235351562,17.945110321044922,4.178455352783203,-0.09928961098194122,2.060267210006714,-0.596878707408905,-0.5066730976104736,31.721240997314453,21.637882232666016,1.1148754358291626,4.1399312019348145,17,17
1210192,25,173.2393341064453,354.7966613769531,39.66939926147461,3.0684239864349365,2.04648756980896,-0.2820737361907959,5.089916706085205,18.62868881225586,-0.20612889528274536,6.023914337158203,39.04952621459961,39.39778137207031,12.018780708312988,0.5413306355476379,1.1655889749526978,0.7476033568382263,1.8724368810653689,10.270403861999512,4.437410354614258,790.77593994140625,-0.4664578139781952,36.305442810058594,2.9582226276397705,25.706790924072266,45.25444030761719,2.7977497577667236,-0.30514413118362427,-0.3365675210952759,87.17279815673828,244.9988250732422,17.055599212646484,1.1261595487594604,-0.00977123994380235,0.7061295509338379,-0.6354909539222717,-0.4518705904483795,77.7573471069336,7.770989418029785,1.434940218925476,10.560620307922363,4,4
2678697,22,264.58990478515625,454.42132568359375,-0.49933552742004395,90.05210876464844,-0.724143385887146,-0.37697187066078186,4.9022979736328125,4.403137683868408,-0.13215921819210052,2.6176235675811768,19.145748138427734,38.474700927734375,7.940635681152344,0.6961881518363953,0.8216599225997925,0.5737913846969604,1.1100319623947144,17.726001739501953,-0.5863112807273865,983.44921875,0.16261284053325653,303.8949890136719,-0.5240695476531982,1.7541049718856812,18.048433303833008,0.04163615778088569,-0.31441912055015564,-0.05278758332133293,52.41404342651367,84.16801452636719,7.972445011138916,1.7132699489593506,2.0512020587921143,-0.6142932772636414,-0.27959147095680237,-0.4321286380290985,209.513671875,30.459436416625977,2.684882164001465,8.043346405029297,13,13
2300528,27,321.800537109375,709.78900146484375,128.38963317871094,2.287670373916626,2.1420984268188477,-0.39978668093681335,4.669896602630615,25.370981216430664,-0.5106449723243713,-0.5383488535881042,13.303386688232422,27.201496124267575,1.1416951417922974,1.228122591972351,2.7071640491485596,1.2537016868591309,-0.35683199763298035,20.672807693481445,1.2517961263656616,220.5886383056641,2.3273279666900635,721.0214233398436,-0.28163671493530273,5.06900691986084,25.65124893188477,2.359893560409546,-0.2919952869415283,1.180169701576233,138.75424194335938,158.60714721679688,11.86964988708496,-0.5701830387115479,2.3538668155670166,0.7958497405052185,-0.6183615326881409,-0.28218019008636475,55.219383239746094,61.8463134765625,-0.7413008809089661,20.917497634887695,4,4
